Workbook

Sheet Forget Gate
B2: Forget Gate
A4: h_(t-1) | B4: 0.1 | C4: 1 | D4: 0.5 | N4: Bias Added | O4: Sigmoid
L5: Cell 1 | M5: =MMULT(B8:G8,B16:B21) | N5: =M5+B12 | O5: =1/(1+EXP(-N5))
A6: x_(t) | B6: 1.256 | C6: 0.2 | D6: 0.8 | L6: Cell 2 | M6: =MMULT(B9:G9,B16:B21) | N6: =M6+C12 | O6: =1/(1+EXP(-N6))
L7: Cell 3 | M7: =MMULT(B10:G10,B16:B21) | N7: =M7+D12 | O7: =1/(1+EXP(-N7))
A8: W_f | B8: 0 | C8: 0 | D8: 0 | E8: -0.025 | F8: 0 | G8: 0 | O8: f_t
B9: -0.03 | C9: 0.9 | D9: -0.8 | E9: -0.5 | F9: 0 | G9: 0
B10: 0.07 | C10: 0.6 | D10: 0.2 | E10: 1 | F10: 1 | G10: 1
A12: b_f | B12: 0.01 | C12: 0.05 | D12: 0.01
M13: f_t = σ(Wf·[h_(t-1), x_t] + b_f)
A14: h_(t-1) + x_(t) | B14: =B4 | C14: =C4 | D14: =D4 | E14: =B6 | F14: =C6 | G14: =D6
A16: Transpose(h_(t-1)+x_(t)) | B16: =B14
B17: =C14
B18: =D14
B19: =E14
B20: =F14
B21: =G14

Sheet Input Gate
B2: Input Gate
A4: f_t | B4: ='Forget Gate'!O5 | K4: Bias Added | L4: Sigmoid | P4: Bias Added | Q4: Tanh | S4: i_t * C̃t | T4: C_t
B5: ='Forget Gate'!O6 | I5: Cell 1 | J5: =MMULT(B21:G21,B29:B34) | K5: =J5+B25 | L5: =1/(1+EXP(-K5)) | N5: Cell 1 | O5: =MMULT(I21:N21,B29:B34) | P5: =O5+J25 | Q5: =TANH(P5) | S5: =L5*Q5 | T5: =B13+S5
B6: ='Forget Gate'!O7 | I6: Cell 2 | J6: =MMULT(B22:G22,B29:B34) | K6: =J6+C25 | L6: =1/(1+EXP(-K6)) | N6: Cell 2 | O6: =MMULT(I22:N22,B29:B34) | P6: =O6+K25 | Q6: =TANH(P6) | S6: =L6*Q6 | T6: =B14+S6
I7: Cell 3 | J7: =MMULT(B23:G23,B29:B34) | K7: =J7+D25 | L7: =1/(1+EXP(-K7)) | N7: Cell 3 | O7: =MMULT(I23:N23,B29:B34) | P7: =O7+L25 | Q7: =TANH(P7) | S7: =L7*Q7 | T7: =B15+S7
A8: C_(t-1) | B8: 0.033 | L8: i_t | Q8: C̃t
B9: 0.589
B10: 0.924
A13: f_t * C_(t-1) | B13: =B4*B8 | P13: i_t = σ(Wi·[h_(t-1),x_t] + b_i)
B14: =B5*B9
B15: =B6*B10 | P15: C̃t = tanh(WC·[h_(t-1),x_t] + bC)
A17: h_(t-1) | B17: ='Forget Gate'!B4 | C17: ='Forget Gate'!C4 | D17: ='Forget Gate'!D4 | P17: C_t = f_t * C_(t-1) + i_t * C̃t
A19: x_(t) | B19: ='Forget Gate'!B6 | C19: ='Forget Gate'!C6 | D19: ='Forget Gate'!D6
I20: W_C
A21: W_i | B21: 0.659 | C21: 0.111 | D21: 0.287 | E21: 0.345 | F21: 0 | G21: 0.359 | I21: 0.356 | J21: 0.124 | K21: 0.222 | L21: 0.025 | M21: 0.365 | N21: 0.001
B22: -0.236 | C22: -1 | D22: 0.58 | E22: -0.123 | F22: -1 | G22: 0 | I22: 0.485 | J22: 0.548 | K22: 0.324 | L22: 0.001 | M22: -0.145 | N22: -0.325
B23: 0 | C23: 0 | D23: 0 | E23: 0 | F23: 0 | G23: 0 | I23: 0.125 | J23: 0.257 | K23: -0.365 | L23: -0.256 | M23: -0.122 | N23: 0.157
A25: b_i | B25: 0.154 | C25: 0.16 | D25: 0.01 | I25: b_C | J25: 0.2 | K25: 0.01 | L25: 0.03
A27: h_(t-1)+x_(t) | B27: =B17 | C27: =C17 | D27: =D17 | E27: =B19 | F27: =C19 | G27: =D19
A29: Transpose(h_(t-1)+x_(t)) | B29: =B27
B30: =C27
B31: =D27
B32: =E27
B33: =F27
B34: =G27

Sheet Cell State & Output
B2: Cell State & OutPut
A4: C_t | B4: ='Input Gate'!T5 | M4: Bias Added | N4: Sigmoid | P4: tanh(C_t) | Q4: h_t
B5: ='Input Gate'!T6 | K5: Cell 1 | L5: =MMULT(B12:G12,B20:B25) | M5: =L5+B16 | N5: =1/(1+EXP(-M5)) | P5: =TANH(B4) | Q5: =N5*P5
B6: ='Input Gate'!T7 | K6: Cell 2 | L6: =MMULT(B13:G13,B20:B25) | M6: =L6+C16 | N6: =1/(1+EXP(-M6)) | P6: =TANH(B5) | Q6: =N6*P6
K7: Cell 3 | L7: =MMULT(B14:G14,B20:B25) | M7: =L7+D16 | N7: =1/(1+EXP(-M7)) | P7: =TANH(B6) | Q7: =N7*P7
A8: h_(t-1) | B8: ='Forget Gate'!B4 | C8: ='Forget Gate'!C4 | D8: ='Forget Gate'!D4 | N8: o_t
A10: x_(t) | B10: ='Forget Gate'!B6 | C10: ='Forget Gate'!C6 | D10: ='Forget Gate'!D6
A12: W_o | B12: 0.033 | C12: 0.213 | D12: 0 | E12: 0 | F12: 0.006 | G12: 0.023
B13: 0 | C13: 0.068 | D13: 0.048 | E13: 0.215 | F13: 0.002 | G13: 0.056
B14: 0.012 | C14: 0 | D14: 0.165 | E14: 0.333 | F14: 0 | G14: 0 | N14: o_t = σ(Wo·[h_(t-1),x_t] + b_o)
A16: b_o | B16: 0.005 | C16: 0.001 | D16: 0.031 | N16: h_t = o_t * tanh(C_t)
A18: h_(t-1)+x_(t) | B18: =B8 | C18: =C8 | D18: =D8 | E18: =B10 | F18: =C10 | G18: =D10
A20: Transpose(h_(t-1)+x_(t)) | B20: =B18
B21: =C18
B22: =D18
B23: =E18
B24: =F18
B25: =G18
